"全国地方公共団体コード","法人番号","ID","地方公共団体名","イベント名","言語コード","イベント通称","サブタイトル","イベント名_カナ","イベント名_英語","コンテンツURL","状態","キーワード","タグ","対象となる産業","開催パターン","開始日","終了日","開始時間","終了時間","開始日時特記事項","所要時間","掲載開始日","掲載終了日","概要","説明","サブイベント","イベント種類","料金(基本)","料金(詳細)","連絡先名称","連絡先電話番号","連絡先内線番号","主催者","共催団体","関連組織","対象者","対象者備考","場所名称","集合（受付）場所","所在地_全国地方公共団体コード","町字ID","所在地_連結表記","所在地_都道府県","所在地_市区町村","所在地_町字","所在地_番地以下","建物名等(方書)","緯度","経度","アクセス方法","駐車場情報","駐車場料金","駐輪場情報","Web開催","Web開催URL","ツール・環境","定員","定員備考","料金種別","決済種別","外国語対応","外国語対応備考","開催条件","参加申込終了日","参加申込終了時間","参加申込方法","申込開始日","申込開始時刻","申込URL","URL","授乳室","おむつ替えコーナー","飲食可否","ベビーカー貸出","ベビーカー利用","画像","画像_ライセンス","備考","my door OSAKAフラグ","外部連携フラグ"
"270008","","","","ナゾトキイベント「ぐわ兵衛とアソビ帝国」","","","","","","https://hamadera.osaka-park.or.jp/event-information/%e3%83%8a%e3%82%be%e3%83%88%e3%82%ad%e3%82%a4%e3%83%99%e3%83%b3%e3%83%88%e3%80%8c%e3%81%90%e3%82%8f%e5%85%b5%e8%a1%9b%e3%81%a8%e3%82%a2%e3%82%bd%e3%83%93%e5%b8%9d%e5%9b%bd%e3%80%8d/","","","","","","2026-09-12","2026-12-20","","","","","2026-09-07","2026-12-20","","浜寺公園にて、謎解きイベント「ぐわ兵衛とアソビ帝国」を開催します。 スマートフォンを使ってナゾを解き、ぐわ兵衛と一緒におもちゃの怪物を倒そう！ クリアした方には景品をプレゼント！ （2026/4/4～5/31の謎解きイベントと同じ内容です。）","","","","1セット500円","浜寺公園管理事務所","072-261-0936","","","","","","","浜寺公園","","","","","","","","","","34.544960","135.443850","","","","","","","","","","","","","","","9999-12-31","","不要","9999-12-31","","","","","","","","","https://www.pref.osaka.lg.jp/images/87148/hamadera.jpg","","","1","1"
"270008","","","","長野公園で中秋の名月を楽しもう！","","","","","","https://www.toshi-kouen.jp/staticpages/index.php/nagano_top","","","","","","2026-09-19","2026-10-04","","","","","2026-09-07","2026-10-04","","長野公園（奥河内さくら公園）展望休憩所「さきてらす」では、中秋の名月にちなんで、多数のお月見竹灯籠をご覧いただけます。","","","","無料","長野公園管理事務所","0721-62-2772","","","","","","","長野公園","","","","","","","","","","34.448070","135.574490","","","","","","","","","","","","","","","9999-12-31","","特にありません","9999-12-31","","","","","","","","","https://www.pref.osaka.lg.jp/images/87148/nagano.jpg","","","1","1"
"270008","","","","森の実習隊","","","","","","https://nishikori.osaka-park.or.jp","","","","","","2026-09-19","2026-09-19","","","","","2026-09-07","2026-09-19","","錦織公園のボランティア錦織フォレスターと、園内の樹林管理作業を行います。","","","","無料","錦織公園管理事務所","0721-24-1506","","","","","","","錦織公園","","","","","","","","","","34.483470","135.572720","","","","","","","","","","","","","","","9999-12-31","","要事前申込。錦織公園管理事務所に電話又は来所にて9時から随時受付","9999-12-31","","","","","","","","","https://www.pref.osaka.lg.jp/images/87148/nishikorikoen.jpg","","","1","1"
"270008","","","","長野公園　蓮アート","","","","","","https://www.toshi-kouen.jp/staticpages/index.php/nagano_top","","","","","","2026-09-19","2026-09-19","","","","","2026-09-07","2026-09-19","","蓮の花托をつかってワークショップを開催します。色とりどりの素材をつかってオリジナル蓮アートを作りましょう。","","","","500円","長野公園管理事務所","0721-62-2772","","","","","","","長野公園","","","","","","","","","","34.448070","135.574490","","","","","","","","","","","","","","","9999-12-31","","長野公園管理事務所までお電話でお申込みください。","9999-12-31","","","","","","","","","https://www.pref.osaka.lg.jp/images/87148/nagano.jpg","","","1","1"
"270008","","","","枚岡公園ウォークラリー","","","","","","https://hiraoka.osaka-park.or.jp/","","","","","","2026-09-19","2026-09-22","","","","","2026-09-07","2026-09-22","","園内の5か所に設置したラリーポイントの文字を並べ替えると、ある言葉になります。 正解の方、各日先着20名様に公園協会オリジナルグッズを差し上げます。（合計80名様）","","","","無料","枚岡公園管理事務所","072-981-2516","","","","","","","枚岡公園","","","","","","","","","","34.674790","135.654910","","","","","","","","","","","","","","","9999-12-31","","当日管理事務所にて参加用紙を配布","9999-12-31","","","","","","","","","https://www.pref.osaka.lg.jp/images/87148/hiraokakoen2.jpg","","","1","1"
"270008","","","","昆虫クラブ「初秋の昆虫観察」","","","","","","https://www.mino-konchu.jp/e795461.html","","","","","","2026-09-20","2026-09-20","","","","","2026-09-07","2026-09-20","","昆虫館前から修業古場（しげのこば）までの道沿いで、初秋の昆虫を探して観察します。（野外観察） ※雨天中止","","","","100円","箕面公園管理事務所","072-721-3014","","","","","","","箕面公園","","","","","","","","","","34.843500","135.470060","","","","","","","","","","","","","","","9999-12-31","","事前の申込が必要です（先着順）　・電話にて受付け　TEL：072-721-3014（箕面公園管理事務所　9:00～17:30）","9999-12-31","","","","","","","","","https://www.pref.osaka.lg.jp/images/87148/minohkoen.jpg","","","1","1"
"270008","","","","ツリーイングイベント","","","","","","https://hamadera.osaka-park.or.jp/event-information/%e3%80%90%e6%9c%a8%e7%99%bb%e3%82%8a%e3%80%91%e3%83%84%e3%83%aa%e3%83%bc%e3%82%a4%e3%83%b3%e3%82%b0%e3%82%a4%e3%83%99%e3%83%b3%e3%83%88%e9%96%8b%e5%82%ac%ef%bc%81/","","","","","","2026-09-20","2026-09-20","","","","","2026-09-07","2026-09-20","","木登りしよう！","","","","2000円","Green Fingers","080-5325-8206","","","","","","","浜寺公園","","","","","","","","","","34.544960","135.443850","","","","","","","","","","","","","","","9999-12-31","","要（空きがあれば、受付可能）","9999-12-31","","","","","","","","","https://www.pref.osaka.lg.jp/images/87148/hamadera.jpg","","","1","1"
"270008","","","","大泉の森ヨガ　森林浴YOGA＆WALKING","","","","","","https://oizumi.osaka-park.or.jp/event/","","","","","","2026-09-20","2026-09-20","","","","","2026-09-07","2026-09-20","","大泉緑地の樹の路でウォーキングをした後に、森の中でYOGAを行います！皆さんでリフレッシュしませんか？","","","","1000円","大泉緑地管理事務所","072-259-0316","","","","","","","大泉緑地","","","","","","","","","","34.566020","135.524190","","","","","","","","","","","","","","","9999-12-31","","８月19日(水)１０：００より管理事務所窓口若しくは電話受付いたします。　キャンセル待ちの場合は前日までにご連絡させていただいた方のみ参加可能です。","9999-12-31","","","","","","","","","https://www.pref.osaka.lg.jp/images/87148/oizumiryokuchi.jpg","","","1","1"
"270008","","","","ぬり絵で楽しむ水彩画","","","","","","https://oizumi.osaka-park.or.jp/event/","","","","","","2026-09-20","2026-09-20","","","","","2026-09-07","2026-09-20","","大泉緑地の風景を基にした「下絵」を使って、見本を見ながら水彩絵の具で着色し、自分だけの一枚を完成させます。（大きさA4程度）","","","","無料","花と緑の相談所","072-251-0871","","","","","","","大泉緑地","","","","","","","","","","34.566020","135.524190","","","","","","","","","","","","","","","9999-12-31","","＊開催日の１ヶ月前から花と緑の相談所 窓口または、電話にて　受け付けます。（先着順、午前１０時から午後５時まで。）　＊定員になり次第、受付終了。受付開始日が火曜日(休館日)の　場合は翌日(水曜日)から受け付けます。　＊キャンセルされる場合は、講習日の１０日前までに必ず　ご連絡ください。それ以後は材料代の発生する講習会は　実費をいただく場合があります。　＊講習会当日は１５分前から受け付けを開始いたします。　都合により講師が変更になる場合があります。予めご了承　ください。","9999-12-31","","","","","","","","","https://www.pref.osaka.lg.jp/images/87148/oizumiryokuchi.jpg","","","1","1"
"270008","","","","みどり塾","","","","","","https://kyuhoji-ryokuchi.jp/","","","","","","2026-09-20","2026-09-20","","","","","2026-09-07","2026-09-20","","『季節の寄せ植え』","","","","2800円","久宝寺緑地管理事務所","072-992-2489","","","","","","","久宝寺緑地","","","","","","","","","","34.631410","135.578800","","","","","","","","","","","","","","","9999-12-31","","開催日の１か月前より久宝寺緑地管理事務所窓口またはお電話にて受付","9999-12-31","","","","","","","","","https://www.pref.osaka.lg.jp/images/87148/kyuhojiryokuchi.jpg","","","1","1"
"270008","","","","石川河川公園　Family　Nature　Program　飛鳥川での魚とり","","","","","","https://www.toshi-kouen.jp/article.php/ishikawa_news20260312_3","","","","","","2026-09-21","2026-09-21","","","","","2026-09-07","2026-09-21","","魚のとり方のコツを踏まえて、実際に捕まえてみましょう。 お子様と一緒に、生きものとふれあう喜びや思い出作りに！ 「とれるかもしれない生きもの」メダカ・タウナギ・フナ・オイカワ・ドジョウ等々","","","","500円/人","石川河川公園管理事務所","072-956-1900","","","","","","","石川河川公園","","","","","","","","","","34.545600","135.621310","","","","","","","","","","","","","","","9999-12-31","","要事前申込、公園ホームページのWebフォームより必要事項を入力　8月１日より受付開始予定","9999-12-31","","","","","","","","","https://www.pref.osaka.lg.jp/images/87148/ishikawakasenkoen.jpg","","","1","1"
"270008","","","","中秋の名月でお月見会","","","","","","https://yamadaike.osaka-park.or.jp/","","","","","","2026-09-25","2026-09-25","","","","","2026-09-07","2026-09-25","","観月提休憩所をススキなどで飾り付け、中秋の名月を鑑賞します。","","","","無料","山田池公園管理事務所","072-851-4761","","","","","","","山田池公園","","","","","","","","","","34.824500","135.689830","","","","","","","","","","","","","","","9999-12-31","","不要","9999-12-31","","","","","","","","","https://www.pref.osaka.lg.jp/images/87148/yamadaikekoen2.jpg","","","1","1"
"270008","","","","箕面公園昆虫館「サイエンスラボ：クモの観察」","","","","","","https://www.mino-konchu.jp/e795586.html","","","","","","2026-09-26","2026-09-26","","","","","2026-09-07","2026-09-26","","知的好奇心に本気で応える昆虫講座です。 今回は講師として茨城大学名誉教授 立花章先生をお迎えし、クモの分類、生態、形態について詳しく学びます。","","","","2,000円","箕面公園管理事務所","072-721-3014","","","","","","","箕面公園","","","","","","","","","","34.843500","135.470060","","","","","","","","","","","","","","","9999-12-31","","事前の申込が必要です（先着順）　・昆虫館のホームページ内のイベント案内ページからメールフォームにて申込み","9999-12-31","","","","","","","","","https://www.pref.osaka.lg.jp/images/87148/minohkoen.jpg","","","1","1"
"270008","","","","秋の七草展","","","","","","https://oizumi.osaka-park.or.jp/","","","","","","2026-09-26","2026-10-05","","","","","2026-09-07","2026-10-05","","秋の七草をパネルや鉢で紹介します。","","","","なし","花と緑の相談所","072-251-0871","","","","","","","大泉緑地","","","","","","","","","","34.566020","135.524190","","","","","","","","","","","","","","","9999-12-31","","なし","9999-12-31","","","","","","","","","https://www.pref.osaka.lg.jp/images/87148/oizumiryokuchi.jpg","","","1","1"
"270008","","","","すみすみマルシェ","","","","","","https://www.toshi-kouen.jp/staticpages/index.php/sumiyoshi_top","","","","","","2026-09-26","2026-09-26","","","","","2026-09-07","2026-09-26","","主に大阪産の有機およびエコ農産物、無添加食品の販売ワークショップなど","","","","入場無料","住吉公園管理事務所","06-6671-2292","","","","","","","住吉公園","","","","","","","","","","34.613750","135.487640","","","","","","","","","","","","","","","9999-12-31","","申込否","9999-12-31","","","","","","","","","https://www.pref.osaka.lg.jp/images/87148/sumiyoshikoen.jpg","","","1","1"
"270008","","","","大阪ピンコロクラブ","","","","","","https://kyuhoji-ryokuchi.jp/","","","","","","2026-09-26","2026-09-26","","","","","2026-09-07","2026-09-26","","『うんどう教室』 介護に頼らない、自立した生活を送るためのお手伝いとして、生活にかかわりの深いうんどうプログラムをトレーナーが教えてくれます。","","","","なし","久宝寺緑地管理事務所","072-992-2489","","","","","","","久宝寺緑地","","","","","","","","","","34.631410","135.578800","","","","","","","","","","","","","","","9999-12-31","","不要　当日、現地にてご参加ください","9999-12-31","","","","","","","","","https://www.pref.osaka.lg.jp/images/87148/kyuhojiryokuchi.jpg","","","1","1"
"270008","","","","秋の寄せ植え","","","","","","https://tonboike-osakap.com/","","","","","","2026-09-27","2026-09-27","","","","","2026-09-07","2026-09-27","","秋の植物の使用した可愛い寄せ植えを作ります","","","","1000円","蜻蛉池公園管理事務所","072-443-9671","","","","","","","蜻蛉池公園","","","","","","","","","","34.433100","135.424030","","","","","","","","","","","","","","","9999-12-31","","蜻蛉池公園HP（こくちーず）より","9999-12-31","","","","","","","","","https://www.pref.osaka.lg.jp/images/87148/tomboikekoen2.jpg","","","1","1"
"270008","","","","せんなん里海☆里山☆FUNFUNフェス","","","","","","https://sennan.osaka-park.or.jp/event/","","","","","","2026-09-27","2026-09-27","","","","","2026-09-07","2026-09-27","","より多くの方々にせんなん里海公園の里海・里山の魅力を伝えるとともに多くの人々の輪が繋がるフェスを開催 沖縄☆島唄ライブ/海岸清掃/カニカニウォッチング/タッチングプール/ふるまいハーブティー/ 海藻万華鏡/シーカヤック/チリメンモンスター探し/ちびっこなりきりコーナー/里山アクティビティ/風車の丘コンサート /スナフキンアコースティックライブ/飲食出店コーナー/スタンプラリー等","","","","無料（一部有料体験あり）","せんなん里海公園","072-494-2626","","","","","","","せんなん里海公園","","","","","","","","","","34.336560","135.192030","","","","","","","","","","","","","","","9999-12-31","","申し込み不要","9999-12-31","","","","","","","","","https://www.pref.osaka.lg.jp/images/87148/sennansatoumikoen.jpg","","","1","1"
"270008","","","","りんくう公園開設30周年記念イベント","","","","","","https://rinku.osaka-park.or.jp/","","","","","","2026-09-27","2026-09-27","","","","","2026-09-07","2026-09-27","","りんくう公園は1996年10月1日に開設し、今年2026年10月1日で30周年となります それを記念してイベントを開催します","","","","一部あり","りんくう公園管理事務所","072-469-7717","","","","","","","りんくう公園","","","","","","","","","","34.411920","135.293940","","","","","","","","","","","","","","","9999-12-31","","申込不要　当日、イベント会場にお越しください","9999-12-31","","","","","","","","","https://www.pref.osaka.lg.jp/images/87148/rinkukoen.jpg","","","1","1"
"270008","","","","レッツ久宝探検隊","","","","","","https://kyuhoji-ryokuchi.jp/","","","","","","2026-09-27","2026-09-27","","","","","2026-09-07","2026-09-27","","『昆虫観察会～不思議な昆虫の世界へようこそ～』公園内にはどんな昆虫がいるのかな？ 昆虫の特徴や鳴き声などを観察してみよう！","","","","なし","久宝寺緑地管理事務所","072-992-2489","","","","","","","久宝寺緑地","","","","","","","","","","34.631410","135.578800","","","","","","","","","","","","","","","9999-12-31","","開催日の１か月前より久宝寺緑地管理事務所窓口またはお電話にて受付","9999-12-31","","","","","","","","","https://www.pref.osaka.lg.jp/images/87148/kyuhojiryokuchi.jpg","","","1","1"
"270008","","","","久宝寺こうえんマルシェ","","","","","","https://kyuhoji-marche.jimdofree.com/","","","","","","2026-09-27","2026-09-27","","","","","2026-09-07","2026-09-27","","久宝寺こうえんマルシェは毎月第4日曜日に開催します。（12月を除く） 旬の味、新鮮さを大事にした地元農産物、人と自然にやさしい加工品、農を生かす料理の出店やワークショップなど。ぜひお気軽に遊びに来てください。","","","","なし（販売品などは有料）","久宝寺緑地管理事務所","072-992-2489","","","","","","","久宝寺緑地","","","","","","","","","","34.631410","135.578800","","","","","","","","","","","","","","","9999-12-31","","不要　　（出店希望の方は久宝寺こうえんマルシェ　出店申込から応募してください）","9999-12-31","","","","","","","","","https://www.pref.osaka.lg.jp/images/87148/kyuhojiryokuchi.jpg","","","1","1"
"270008","","","","園芸の日","","","","","","https://fukakitaryokuchi.jp/","","","","","","2026-09-27","2026-09-27","","","","","2026-09-07","2026-09-27","","水辺のテラスにアジサイ園を皆さんで造るための整備","","","","無料","深北緑地　管理事務所","072-877-7471","","","","","","","深北緑地","","","","","","","","","","34.727350","135.628750","","","","","","","","","","","","","","","9999-12-31","","否","9999-12-31","","","","","","","","","https://www.pref.osaka.lg.jp/images/87148/fukakitaryokuchi2.jpg","","","1","1"
"270008","","","","ハロウィンを迎えよう！","","","","","","https://www.toshi-kouen.jp/staticpages/index.php/sumiyoshi_top","","","","","","2026-09-29","2026-09-29","","","","","2026-09-07","2026-09-29","","樹脂粘土でカボチャをつくりハロウィンを迎えましょう。","","","","400円","住吉公園管理事務所","06-6671-2292","","","","","","","住吉公園","","","","","","","","","","34.613750","135.487640","","","","","","","","","","","","","","","9999-12-31","","申込要","9999-12-31","","","","","","","","","https://www.pref.osaka.lg.jp/images/87148/sumiyoshikoen.jpg","","","1","1"
"270008","","","","秋の自然観察会","","","","","","https://nishikori.osaka-park.or.jp","","","","","","2026-09-29","2026-09-29","","","","","2026-09-07","2026-09-29","","河内の里の花々をご案内します。 秋の草花を観察しながら、里内を巡ります。","","","","無料","錦織公園管理事務所","0721-24-1506","","","","","","","錦織公園","","","","","","","","","","34.483470","135.572720","","","","","","","","","","","","","","","9999-12-31","","要事前申込。８月29日（土曜日）９時から錦織公園管理事務所に電話又は来所にて受付開始","9999-12-31","","","","","","","","","https://www.pref.osaka.lg.jp/images/87148/nishikorikoen.jpg","","","1","1"
"270008","","","","長野公園　ハロウィン","","","","","","https://www.toshi-kouen.jp/staticpages/index.php/nagano_top","","","","","","2026-10-01","2026-10-31","","","","","2026-09-07","2026-10-31","","たくさんの”おばけ達”がみなさんをお出迎え！","","","","無料","長野公園管理事務所","0721-62-2772","","","","","","","長野公園","","","","","","","","","","34.448070","135.574490","","","","","","","","","","","","","","","9999-12-31","","特にありません","9999-12-31","","","","","","","","","https://www.pref.osaka.lg.jp/images/87148/nagano.jpg","","","1","1"
"270008","","","","長野公園ミニミニ縁日","","","","","","https://www.toshi-kouen.jp/staticpages/index.php/nagano_top","","","","","","2026-10-03","2026-10-03","","","","","2026-09-07","2026-10-03","","長野公園の秋のミニミニ縁日です。 綿菓子、ヨーヨー、スマートボールで子ども達をお出迎え！","","","","無料","長野公園管理事務所","0721-62-2772","","","","","","","長野公園","","","","","","","","","","34.448070","135.574490","","","","","","","","","","","","","","","9999-12-31","","特にありません","9999-12-31","","","","","","","","","https://www.pref.osaka.lg.jp/images/87148/nagano.jpg","","","1","1"
"270008","","","","ノルディックウォーク講習会","","","","","","https://kyuhoji-ryokuchi.jp/","","","","","","2026-10-04","2026-10-04","","","","","2026-09-07","2026-10-04","","『いつまでも自分の足で歩けるカラダづくり』 姿勢がよくなったり、歩幅が広がる若返りのノルディックウォーキング。ポールを使った全身運動です。","","","","1，000円","久宝寺緑地管理事務","072-992-2489","","","","","","","久宝寺緑地","","","","","","","","","","34.631410","135.578800","","","","","","","","","","","","","","","9999-12-31","","開催日の１か月前より久宝寺緑地管理事務所窓口またはお電話にて受付","9999-12-31","","","","","","","","","https://www.pref.osaka.lg.jp/images/87148/kyuhojiryokuchi.jpg","","","1","1"
"270008","","","","ウミホタル　ウォッチング","","","","","","https://sennan.osaka-park.or.jp/event/","","","","","","2026-10-04","2026-10-04","","","","","2026-09-07","2026-10-04","","内容	幻想的に光るウミホタルを見てみよう！美しい海にしか生息しない貴重なウミホタルを採取して観察します。","","","","200円（駐車料金別途必要）","せんなん里海公園管理事務所","072-494-2626","","","","","","","せんなん里海公園","","","","","","","","","","34.336560","135.192030","","","","","","","","","","","","","","","9999-12-31","","令和８年9月４日（金）10時から9月12日（土）15時までに電話でお申込みください。1グループ5名様まで。（先着優先ではありません）定員以上の申し込みがある場合は抽選となります。　抽選発表は9月13日（日）","9999-12-31","","","","","","","","","https://www.pref.osaka.lg.jp/images/87148/sennansatoumikoen.jpg","","","1","1"
"270008","","","","タッチングプール＆里海mini縁日","","","","","","https://sennan.osaka-park.or.jp/2026/03/14/%e3%82%bf%e3%83%83%e3%83%81%e3%83%b3%e3%82%b0%e3%83%97%e3%83%bc%e3%83%ab%ef%bc%86%e9%87%8c%e6%b5%b7mini%e7%b7%91%e6%97%a5/","","","","","","2026-10-04","2026-10-04","","","","","2026-09-07","2026-10-04","","海の生き物たちにさわってみよう！＆輪投げやスーパーボール（アヒル）すくいなど、みんな大好き縁日遊びで盛り上がろう！","","","","500円/1時間　（駐車料金別途必要）","せんなん里海公園管理事務所","072-494-2626","","","","","","","せんなん里海公園","","","","","","","","","","34.336560","135.192030","","","","","","","","","","","","","","","9999-12-31","","当日受付","9999-12-31","","","","","","","","","https://www.pref.osaka.lg.jp/images/87148/sennansatoumikoen.jpg","","","1","1"
"270008","","","","～糸で遊ぶ～　小さな手織りの敷物作り","","","","","","https://oizumi.osaka-park.or.jp/","","","","","","2026-10-04","2026-10-04","","","","","2026-09-07","2026-10-04","","お好きな引き揃え糸を選んで、段ボールの織り機で小さな敷物を2枚作ります。","","","","2000","花と緑の相談所","072-251-0871","","","","","","","大泉緑地","","","","","","","","","","34.566020","135.524190","","","","","","","","","","","","","","","9999-12-31","","＊開催日の１ヶ月前から花と緑の相談所 窓口または、電話にて　受け付けます。（先着順、午前１０時から午後５時まで。）　＊定員になり次第、受付終了。受付開始日が火曜日(休館日)の　場合は翌日(水曜日)から受け付けます。　＊キャンセルされる場合は、講習日の１０日前までに必ず　ご連絡ください。それ以後は材料代の発生する講習会は　実費をいただく場合があります。　＊講習会当日は１５分前から受け付けを開始いたします。　都合により講師が変更になる場合があります。予めご了承　ください。","9999-12-31","","","","","","","","","https://www.pref.osaka.lg.jp/images/87148/oizumiryokuchi.jpg","","","1","1"
"270008","","","","深北の日","","","","","","https://fukakitaryokuchi.jp","","","","","","2026-10-04","2026-10-04","","","","","2026-09-07","2026-10-04","","園内のボランティア清掃にご協力をお願いいたします。","","","","無料","深北緑地管理事務所","072-877-7471","","","","","","","深北緑地","","","","","","","","","","34.727350","135.628750","","","","","","","","","","","","","","","9999-12-31","","否","9999-12-31","","","","","","","","","https://www.pref.osaka.lg.jp/images/87148/fukakitaryokuchi2.jpg","","","1","1"
"270008","","","","稲狩りと野菜の収穫","","","","","","https://nishikori.osaka-park.or.jp","","","","","","2026-10-04","2026-10-04","","","","","2026-09-07","2026-10-04","","河内の里の田んぼで稲刈り体験と秋野菜の収穫体験をします。","","","","500円","錦織公園管理事務所","0721-24-1506","","","","","","","錦織公園","","","","","","","","","","34.483470","135.572720","","","","","","","","","","","","","","","9999-12-31","","要事前申込。9月４日（金曜日）９時から錦織公園管理事務所に電話又は来所にて受付開始","9999-12-31","","","","","","","","","https://www.pref.osaka.lg.jp/images/87148/nishikorikoen.jpg","","","1","1"
"270008","","","","石川自然クラブ","","","","","","https://www.toshi-kouen.jp/staticpages/index.php/ishikawa_top","","","","","","2026-10-08","2026-10-08","","","","","2026-09-07","2026-10-08","","あまり知られていませんが、石川の河川敷には多くの絶滅危惧種が生息しています。 日本で一番小さなカヤネズミや、可憐な花のミゾコウジュは準絶滅危惧種、オオタカ・オオヨシキリ・セッカなど石川で見られる多くの野鳥も、大阪府レッドデータブックの指定種になっています。そんな生きものたちの生息地を守るため、石川河川公園では、生きものの観察記録、河川敷の草地保全や外来種除去などさまざまな取り組みを行っています。 ぜひ、石川の希少種を守る仲間になってください。","","","","無料","石川河川公園管理事務所","072-956-1900","","","","","","","石川河川公園","","","","","","","","","","34.545600","135.621310","","","","","","","","","","","","","","","9999-12-31","","不要","9999-12-31","","","","","","","","","https://www.pref.osaka.lg.jp/images/87148/ishikawakasenkoen.jpg","","","1","1"
"270008","","","","バッタハンティング","","","","","","https://www.toshi-kouen.jp/staticpages/index.php/suminoe_events","","","","","","2026-10-10","2026-10-10","","","","","2026-09-07","2026-10-10","","専門員のわかりやすい解説を交えながらバッタ取りをします。","","","","無料","住之江公園管理事務所","06-6685-9521","","","","","","","住之江公園","","","","","","","","","","34.609680","135.474620","","","","","","","","","","","","","","","9999-12-31","","電話、メ－ル","9999-12-31","","","","","","","","","https://www.pref.osaka.lg.jp/images/87148/suminoekoen2.jpg","","","1","1"
"270008","","","","大阪ピンコロクラブ","","","","","","https://kyuhoji-ryokuchi.jp/","","","","","","2026-10-10","2026-10-10","","","","","2026-09-07","2026-10-10","","『うんどう教室』 介護に頼らない、自立した生活を送るためのお手伝いとして、生活にかかわりの深いうんどうプログラムをトレーナーが教えてくれます。 場所","","","","なし","久宝寺緑地管理事務所","072-992-2489","","","","","","","久宝寺緑地","","","","","","","","","","34.631410","135.578800","","","","","","","","","","","","","","","9999-12-31","","不要　当日、現地にてご参加ください","9999-12-31","","","","","","","","","https://www.pref.osaka.lg.jp/images/87148/kyuhojiryokuchi.jpg","","","1","1"
"270008","","","","ウィークエンドマーケット","","","","","","https://www.instagram.com/weekendmarket_osaka/","","","","","","2026-10-10","2026-10-10","","","","","2026-09-07","2026-10-10","","食品・ハンドメイド作品・ファッション・雑貨など出店！都会の中の朝市。","","","","無料（物販・ワークショップは有料）","服部緑地管理事務所","06-6862-4945","","","","","","","服部緑地","","","","","","","","","","34.772410","135.482160","","","","","","","","","","","","","","","9999-12-31","","申込不要","9999-12-31","","","","","","","","","https://www.pref.osaka.lg.jp/images/87148/hattoriryokuchi.jpg","","","1","1"
"270008","","","","秋のパークフェスタ","","","","","","https://nishikori.osaka-park.or.jp","","","","","","2026-10-11","2026-10-11","","","","","2026-09-07","2026-10-11","","毎年恒例の秋のパークフェスタ。様々なブースを出展します","","","","無料（一部有料）","錦織公園管理事務所","0721-24-1506","","","","","","","錦織公園","","","","","","","","","","34.483470","135.572720","","","","","","","","","","","","","","","9999-12-31","","不要（ワークショップは、事前予約）","9999-12-31","","","","","","","","","https://www.pref.osaka.lg.jp/images/87148/nishikorikoen.jpg","","","1","1"
"270008","","","","ミュージックガ－デン","","","","","","https://www.toshi-kouen.jp/staticpages/index.php/suminoe_events","","","","","","2026-10-11","2026-10-11","","","","","2026-09-07","2026-10-11","","ゆったりした時間の流れるガ－デンで地元ミュ－ジシャンによるライブウィ楽しみませんか。屋台やフリマも出ます。","","","","無料。但し物販は有料。","住之江公園管理事務所","06-6685-9521","","","","","","","住之江公園","","","","","","","","","","34.609680","135.474620","","","","","","","","","","","","","","","9999-12-31","","否","9999-12-31","","","","","","","","","https://www.pref.osaka.lg.jp/images/87148/suminoekoen2.jpg","","","1","1"
"270008","","","","ドッグスクール","","","","","","https://kyuhoji-ryokuchi.jp/","","","","","","2026-10-11","2026-10-11","","","","","2026-09-07","2026-10-11","","『犬のしつけで困っていることはありませんか？』 ペットの扱い方のコツをドッグトレーナーから学びましょう。リードの使い方や、犬の?り方・褒め方など。ちょっとしたコツで、愛犬とのきずなが深まります。","","","","なし","久宝寺緑地管理事務所","072-992-2489","","","","","","","久宝寺緑地","","","","","","","","","","34.631410","135.578800","","","","","","","","","","","","","","","9999-12-31","","開催日の１か月前より久宝寺緑地管理事務所窓口またはお電話にて受付","9999-12-31","","","","","","","","","https://www.pref.osaka.lg.jp/images/87148/kyuhojiryokuchi.jpg","","","1","1"
"270008","","","","楽しい自然工作・秋","","","","","","https://www.toshi-kouen.jp/staticpages/index.php/sumiyoshi_top","","","","","","2026-10-11","2026-10-11","","","","","2026-09-07","2026-10-11","","講師の方に教わりながら どんぐり・木の実などを使って作ってみよう！","","","","無料","住吉公園管理事務","06-6671-2292","","","","","","","住吉公園","","","","","","","","","","34.613750","135.487640","","","","","","","","","","","","","","","9999-12-31","","申込否","9999-12-31","","","","","","","","","https://www.pref.osaka.lg.jp/images/87148/sumiyoshikoen.jpg","","","1","1"
"270008","","","","あつまれ！わんダーランド","","","","","","https://www.instagram.com/wan.der_land/","","","","","","2026-10-11","2026-10-11","","","","","2026-09-07","2026-10-11","","犬のお洋服・グッズ・おやつ販売を中心とした、ペットのマルシェイベント。毎回約70店舗が出店します。","","","","無料（物販・ワークショップは有料）","服部緑地管理事務所","06-6862-4945","","","","","","","服部緑地","","","","","","","","","","34.772410","135.482160","","","","","","","","","","","","","","","9999-12-31","","申込不要","9999-12-31","","","","","","","","","https://www.pref.osaka.lg.jp/images/87148/hattoriryokuchi.jpg","","","1","1"
"270008","","","","竹灯籠づくり教室","","","","","","https://www.toshi-kouen.jp/staticpages/index.php/nagano_top","","","","","","2026-10-12","2026-10-12","","","","","2026-09-07","2026-10-12","","私だけの竹灯籠、作ってみませんか。 癒しの灯りづくりです。","","","","500円","長野公園管理事務所","0721-62-2772","","","","","","","長野公園","","","","","","","","","","34.448070","135.574490","","","","","","","","","","","","","","","9999-12-31","","長野公園管理事務所までお電話でお申込ください。　申込開始：2026-9-1（火）","9999-12-31","","","","","","","","","https://www.pref.osaka.lg.jp/images/87148/nagano.jpg","","","1","1"
"270008","","","","令和8年度　第2回モルック大会","","","","","","https://www.toshi-kouen.jp/staticpages/index.php/nagano_top","","","","","","2026-10-12","2026-10-12","","","","","2026-09-07","2026-10-12","","奥河内さくら公園（長野公園・長野地区）で令和8年度の第2回長野公園モルック大会を開催します。 誰でも簡単に楽しむことができるニュースポーツ「モルック」。大会では簡単な競技説明の後、チーム（3人～4人）戦を開催します。 個人参加の方も、会場でチームづくりをしますので大歓迎です。 始めて参加の方からの”スーパーショット”、今回も楽しみにしています！","","","","無料","長野公園管理事務所","0721-62-2772","","","","","","","長野公園","","","","","","","","","","34.448070","135.574490","","","","","","","","","","","","","","","9999-12-31","","長野公園管理事務所までお電話でお申込みください。　申込開始：2026-9-1（火）","9999-12-31","","","","","","","","","https://www.pref.osaka.lg.jp/images/87148/nagano.jpg","","","1","1"
"270008","","","","あつまれ！わんダーランド","","","","","","https://www.instagram.com/wan.der_land/","","","","","","2026-10-12","2026-10-12","","","","","2026-09-07","2026-10-12","","犬のお洋服・グッズ・おやつ販売を中心とした、ペットのマルシェイベント。毎回約70店舗が出店します。","","","","無料（物販・ワークショップは有料）","服部緑地管理事務所","06-6862-4945","","","","","","","服部緑地","","","","","","","","","","34.772410","135.482160","","","","","","","","","","","","","","","9999-12-31","","申込不要","9999-12-31","","","","","","","","","https://www.pref.osaka.lg.jp/images/87148/hattoriryokuchi.jpg","","","1","1"
"270008","","","","ボタニカルアート体験講座15","","","","","","https://www.toshi-kouen.jp/staticpages/index.php/sumiyoshi_top","","","","","","2026-10-13","2026-10-13","","","","","2026-09-07","2026-10-13","","（木の実を描■） カリンなど園内の木の実よく見て描きます。","","","","300円","住吉公園管理事務所","06-6671-2292","","","","","","","住吉公園","","","","","","","","","","34.613750","135.487640","","","","","","","","","","","","","","","9999-12-31","","予約先着順","9999-12-31","","","","","","","","","https://www.pref.osaka.lg.jp/images/87148/sumiyoshikoen.jpg","","","1","1"
"270008","","","","パークゴルフ場月例コンペ10月度大会","","","","","","https://www.toshi-kouen.jp/staticpages/index.php/ishikawa_facilities01","","","","","","2026-10-13","2026-10-13","","","","","2026-09-07","2026-10-13","","石川河川公園パークゴルフ場では月例コンペを開催しています。上位入賞者には景品もありますので皆様ふるってご参加ください。","","","","500円/人 (※コース利用料金2R分は別途必要)","石川河川公園管理事務所","072-956-1900","","","","","","","石川河川公園","","","","","","","","","","34.545600","135.621310","","","","","","","","","","","","","","","9999-12-31","","パークゴルフ場受付にて当日申込","9999-12-31","","","","","","","","","https://www.pref.osaka.lg.jp/images/87148/ishikawakasenkoen.jpg","","","1","1"
"270008","","","","多肉植物寄せ植え講習会","","","","","","https://rinku.osaka-park.or.jp/","","","","","","2026-10-14","2026-10-14","","","","","2026-09-07","2026-10-14","","プニプニとかわいく、いろいろなアレンジができる多肉植物を楽しみませんか","","","","1500円","りんくう公園管理事務所","072-469-7717","","","","","","","りんくう公園","","","","","","","","","","34.411920","135.293940","","","","","","","","","","","","","","","9999-12-31","","要事前申込　令和8年9月14日（月）10時より電話にて受付","9999-12-31","","","","","","","","","https://www.pref.osaka.lg.jp/images/87148/rinkukoen.jpg","","","1","1"
"270008","","","","すみ博2026（すみよし博覧会）","","","","","","https://sumihaku.com/","","","","","","2026-10-17","2026-10-17","","","","","2026-09-07","2026-10-17","","住吉の豊かな歴史・文化と新しい発想を融合させた地域住民が主役のイベントです。","","","","入場無料","住吉公園管理事務","06-6671-2292","","","","","","","住吉公園","","","","","","","","","","34.613750","135.487640","","","","","","","","","","","","","","","9999-12-31","","申込否","9999-12-31","","","","","","","","","https://www.pref.osaka.lg.jp/images/87148/sumiyoshikoen.jpg","","","1","1"
"270008","","","","第17回山田池公園フェスティバル","","","","","","https://yamadaike.osaka-park.or.jp/","","","","","","2026-10-17","2026-10-17","","","","","2026-09-07","2026-10-17","","毎年恒例のイベントです。ボランティア団体による工作、ゲーム・観察会など盛りだくさんな内容です。ケータリングカーによる飲食販売もあります。","","","","無料（一部有料）","山田池公園パークセンター","072-866-6132","","","","","","","山田池公園","","","","","","","","","","34.824500","135.689830","","","","","","","","","","","","","","","9999-12-31","","不要","9999-12-31","","","","","","","","","https://www.pref.osaka.lg.jp/images/87148/yamadaikekoen2.jpg","","","1","1"
"270008","","","","公園の四季を楽しむ散歩倶楽部その5","","","","","","http://neyagawa.osaka-park.or.jp","","","","","","2026-10-17","2026-10-17","","","","","2026-09-07","2026-10-17","","寝屋川公園を花や虫に詳しい講師と一緒にゆる～く散歩しませんか？","","","","無料（駐車場は有料）","寝屋川公園管理事務所","072-824-8800","","","","","","","寝屋川公園","","","","","","","","","","34.760390","135.652220","","","","","","","","","","","","","","","9999-12-31","","9月17日(木）9時より申込受付開始","9999-12-31","","","","","","","","","https://www.pref.osaka.lg.jp/images/87148/neyagawakoen2.jpg","","","1","1"
"270008","","","","森の実習隊","","","","","","https://nishikori.osaka-park.or.jp","","","","","","2026-10-17","2026-10-17","","","","","2026-09-07","2026-10-17","","錦織公園のボランティア錦織フォレスターと、園内の樹林管理作業を行います。","","","","無料","錦織公園管理事務所","0721-24-1506","","","","","","","錦織公園","","","","","","","","","","34.483470","135.572720","","","","","","","","","","","","","","","9999-12-31","","要事前申込。錦織公園管理事務所に電話又は来所にて9時から随時受付","9999-12-31","","","","","","","","","https://www.pref.osaka.lg.jp/images/87148/nishikorikoen.jpg","","","1","1"
"270008","","","","みどり塾","","","","","","https://kyuhoji-ryokuchi.jp/","","","","","","2026-10-18","2026-10-18","","","","","2026-09-07","2026-10-18","","『木の実アート』園内の木の実を使ったアート作品をつくろう！","","","","1000円","久宝寺緑地管理事務所","072-992-2489","","","","","","","久宝寺緑地","","","","","","","","","","34.631410","135.578800","","","","","","","","","","","","","","","9999-12-31","","開催日の１か月前より久宝寺緑地管理事務所窓口またはお電話にて受付","9999-12-31","","","","","","","","","https://www.pref.osaka.lg.jp/images/87148/kyuhojiryokuchi.jpg","","","1","1"
"270008","","","","ハイビスカスローゼルを楽しもう！","","","","","","https://oizumi.osaka-park.or.jp/","","","","","","2026-10-18","2026-10-18","","","","","2026-09-07","2026-10-18","","ハーブハイビスカスローゼルの利用方法の紹介後、ハイビスカスローゼルの摘み取りをします。","","","","100円","花と緑の相談所","072-251-0871","","","","","","","大泉緑地","","","","","","","","","","34.566020","135.524190","","","","","","","","","","","","","","","9999-12-31","","＊開催日の１ヶ月前から花と緑の相談所 窓口または、電話にて　受け付けます。（先着順、午前１０時から午後５時まで。）　＊定員になり次第、受付終了。受付開始日が火曜日(休館日)の　場合は翌日(水曜日)から受け付けます。　＊キャンセルされる場合は、講習日の１０日前までに必ず　ご連絡ください。それ以後は材料代の発生する講習会は　実費をいただく場合があります。　＊講習会当日は１５分前から受け付けを開始いたします。　都合により講師が変更になる場合があります。予めご了承　ください。","9999-12-31","","","","","","","","","https://www.pref.osaka.lg.jp/images/87148/oizumiryokuchi.jpg","","","1","1"
"270008","","","","園芸の日","","","","","","https://fukakitaryokuchi.jp","","","","","","2026-10-18","2026-10-18","","","","","2026-09-07","2026-10-18","","水辺のテラスにアジサイ園を皆さんで造るための整備","","","","無料","深北緑地管理事務所","072-877-7471","","","","","","","深北緑地","","","","","","","","","","34.727350","135.628750","","","","","","","","","","","","","","","9999-12-31","","否","9999-12-31","","","","","","","","","https://www.pref.osaka.lg.jp/images/87148/fukakitaryokuchi2.jpg","","","1","1"
"270008","","","","住吉公園の花　ボタニカルアート展","","","","","","https://www.toshi-kouen.jp/staticpages/index.php/sumiyoshi_top","","","","","","2026-10-18","2026-10-25","","","","","2026-09-07","2026-10-25","","ボタニカルアート体験講座の講師を務める職員が 園内の植物を描いたボタニカルアート展を開催します。一部の講座生の作品も併せて展示します。実物や写真と違った植物の魅力をご覧ください。","","","","無料","住吉公園管理事務","06-6671-2292","","","","","","","住吉公園","","","","","","","","","","34.613750","135.487640","","","","","","","","","","","","","","","9999-12-31","","申込否","9999-12-31","","","","","","","","","https://www.pref.osaka.lg.jp/images/87148/sumiyoshikoen.jpg","","","1","1"
"270008","","","","ツリークライミング","","","","","","https://kyuhoji-ryokuchi.jp/","","","","","","2026-10-24","2026-10-24","","","","","2026-09-07","2026-10-24","","久宝寺緑地の大きな木に登ってみませんか？ツリークライミングジャパン公認クラブ『木登り探検隊』による、ツリークライミング体験を開催します！","","","","500円","久宝寺緑地管理事務所","729922489","","","","","","","久宝寺緑地","","","","","","","","","","34.631410","135.578800","","","","","","","","","","","","","","","9999-12-31","","開催日の１か月前より久宝寺緑地管理事務所窓口またはお電話にて受付　■１３：００～　■１４：００～","9999-12-31","","","","","","","","","https://www.pref.osaka.lg.jp/images/87148/kyuhojiryokuchi.jpg","","","1","1"
"270008","","","","大阪ピンコロクラブ","","","","","","https://kyuhoji-ryokuchi.jp/","","","","","","2026-10-24","2026-10-24","","","","","2026-09-07","2026-10-24","","『うんどう教室』 介護に頼らない、自立した生活を送るためのお手伝いとして、生活にかかわりの深いうんどうプログラムをトレーナーが教えてくれます。","","","","なし","久宝寺緑地管理事務所","072-992-2489","","","","","","","久宝寺緑地","","","","","","","","","","34.631410","135.578800","","","","","","","","","","","","","","","9999-12-31","","不要　当日、現地にてご参加ください","9999-12-31","","","","","","","","","https://www.pref.osaka.lg.jp/images/87148/kyuhojiryokuchi.jpg","","","1","1"
"270008","","","","葉っぱでアート■","","","","","","https://www.toshi-kouen.jp/staticpages/index.php/sumiyoshi_top","","","","","","2026-10-24","2026-10-24","","","","","2026-09-07","2026-10-24","","色々な葉っぱを組み合わせたり、切り抜いたりして絵を描こう！","","","","無料","住吉公園管理事務","06-6671-2292","","","","","","","住吉公園","","","","","","","","","","34.613750","135.487640","","","","","","","","","","","","","","","9999-12-31","","申込否","9999-12-31","","","","","","","","","https://www.pref.osaka.lg.jp/images/87148/sumiyoshikoen.jpg","","","1","1"
"270008","","","","すみすみマルシェ","","","","","","https://www.toshi-kouen.jp/staticpages/index.php/sumiyoshi_top","","","","","","2026-10-24","2026-10-24","","","","","2026-09-07","2026-10-24","","大阪産の有機およびエコ農作物、無添加食品の販売。アート、クラフト作品の展示および販売など","","","","入場無料","住吉公園管理事務","06-6671-2292","","","","","","","住吉公園","","","","","","","","","","34.613750","135.487640","","","","","","","","","","","","","","","9999-12-31","","申込否","9999-12-31","","","","","","","","","https://www.pref.osaka.lg.jp/images/87148/sumiyoshikoen.jpg","","","1","1"
"270008","","","","久宝寺こうえんマルシェ","","","","","","https://kyuhoji-marche.jimdofree.com/","","","","","","2026-10-25","2026-10-25","","","","","2026-09-07","2026-10-25","","久宝寺こうえんマルシェは毎月第4日曜日に開催します。（12月を除く） 旬の味、新鮮さを大事にした地元農産物、人と自然にやさしい加工品、農を生かす料理の出店やワークショップなど。ぜひお気軽に遊びに来てください。","","","","なし（販売品などは有料）","久宝寺緑地管理事務所","072-992-2489","","","","","","","久宝寺緑地","","","","","","","","","","34.631410","135.578800","","","","","","","","","","","","","","","9999-12-31","","不要　　（出店希望の方は『久宝寺こうえんマルシェ』　出店申込から応募してください）","9999-12-31","","","","","","","","","https://www.pref.osaka.lg.jp/images/87148/kyuhojiryokuchi.jpg","","","1","1"
"270008","","","","公園インフォメーションワークショップ","","","","","","https://kyuhoji-ryokuchi.jp/","","","","","","2026-10-25","2026-10-25","","","","","2026-09-07","2026-10-25","","『ローズマリーでチンキをつくる（天然の香水）』","","","","1200円","久宝寺緑地管理事務所","072-992-2489","","","","","","","久宝寺緑地","","","","","","","","","","34.631410","135.578800","","","","","","","","","","","","","","","9999-12-31","","開催日の１か月前より久宝寺緑地管理事務所窓口またはお電話にて受付","9999-12-31","","","","","","","","","https://www.pref.osaka.lg.jp/images/87148/kyuhojiryokuchi.jpg","","","1","1"
"270008","","","","レッツ久宝探検隊","","","","","","https://kyuhoji-ryokuchi.jp/","","","","","","2026-10-25","2026-10-25","","","","","2026-09-07","2026-10-25","","『ドングリをつかった自然工作』園内のどんぐりをつかって工作しよう。","","","","なし","久宝寺緑地管理事務所","072-992-2489","","","","","","","久宝寺緑地","","","","","","","","","","34.631410","135.578800","","","","","","","","","","","","","","","9999-12-31","","開催日の１か月前より久宝寺緑地管理事務所窓口またはお電話にて受付","9999-12-31","","","","","","","","","https://www.pref.osaka.lg.jp/images/87148/kyuhojiryokuchi.jpg","","","1","1"
"270008","","","","ふかきたDEコンサート","","","","","","https://fukakitaryokuchi.jp/","","","","","","2026-10-25","2026-10-25","","","","","2026-09-07","2026-10-25","","音楽祭","","","","無料","深北緑地管理事務所","072-877-7471","","","","","","","深北緑地","","","","","","","","","","34.727350","135.628750","","","","","","","","","","","","","","","9999-12-31","","否","9999-12-31","","","","","","","","","https://www.pref.osaka.lg.jp/images/87148/fukakitaryokuchi2.jpg","","","1","1"
"270008","","","","どんぐり遊び","","","","","","https://hiraoka.osaka-park.or.jp/","","","","","","2026-10-25","2026-10-25","","","","","2026-09-07","2026-10-25","","どんぐりを探して、どんぐりで遊ぶ（どんぐり工作等）","","","","大人:300円・小人:100円","枚岡公園管理事務所","072-981-2516","","","","","","","枚岡公園","","","","","","","","","","34.674790","135.654910","","","","","","","","","","","","","","","9999-12-31","","令和８年１０月１日（木）午前１０時から電話に受付開始。定員になり次第受付終了（先着順）","9999-12-31","","","","","","","","","https://www.pref.osaka.lg.jp/images/87148/hiraokakoen2.jpg","","","1","1"
"270008","","","","デジタルスタンプラリーを開催します。","","","","","","https://hiraoka.osaka-park.or.jp/","","","","","","2026-11-01","2026-11-30","","","","","2026-09-07","2026-11-30","","枚岡公園を中心に「まちと山」をむすぶ、デジタルスタンプラリーを開催します.スタンプを3つ以上集めて公園管理事務所へ行くと缶バッチをプレゼント。コンプリートをすると素敵なプレゼントがあります。","","","","無料","枚岡公園管理事務所","072-981-2516","","","","","","","枚岡公園","","","","","","","","","","34.674790","135.654910","","","","","","","","","","","","","","","9999-12-31","","当日、スマートフォン・タブレットを使って２次元コードを読み取り参加してください。","9999-12-31","","","","","","","","","https://www.pref.osaka.lg.jp/images/87148/hiraokakoen2.jpg","","","1","1"
"270008","","","","深北の日","","","","","","https://fukakitaryokuchi.jp","","","","","","2026-11-01","2026-11-01","","","","","2026-09-07","2026-11-01","","園内のボランティア清掃にご協力をお願いいたします。","","","","無料","深北緑地管理事務所","072-877-7471","","","","","","","深北緑地","","","","","","","","","","34.727350","135.628750","","","","","","","","","","","","","","","9999-12-31","","否","9999-12-31","","","","","","","","","https://www.pref.osaka.lg.jp/images/87148/fukakitaryokuchi2.jpg","","","1","1"
"270008","","","","ノルディックウォーク講習会","","","","","","https://kyuhoji-ryokuchi.jp/","","","","","","2026-11-01","2026-11-01","","","","","2026-09-07","2026-11-01","","『いつまでも自分の足で歩けるカラダづくり』 姿勢がよくなったり、歩幅が広がる若返りのノルディックウォーキング。ポールを使った全身運動です。","","","","1，000円","久宝寺緑地管理事務所","072-992-2489","","","","","","","久宝寺緑地","","","","","","","","","","34.631410","135.578800","","","","","","","","","","","","","","","9999-12-31","","開催日の１か月前より久宝寺緑地管理事務所窓口またはお電話にて受付","9999-12-31","","","","","","","","","https://www.pref.osaka.lg.jp/images/87148/kyuhojiryokuchi.jpg","","","1","1"
"270008","","","","ネイチャークラフト講習会","","","","","","https://oizumi.osaka-park.or.jp/","","","","","","2026-11-01","2026-11-01","","","","","2026-09-07","2026-11-01","","自然素材を使った工作を行います。","","","","無料","花と緑の相談所","072-251-0871","","","","","","","大泉緑地","","","","","","","","","","34.566020","135.524190","","","","","","","","","","","","","","","9999-12-31","","＊開催日の１ヶ月前から花と緑の相談所 窓口または、電話にて　受け付けます。（先着順、午前１０時から午後５時まで。）　＊定員になり次第、受付終了。受付開始日が火曜日(休館日)の　場合は翌日(水曜日)から受け付けます。　＊キャンセルされる場合は、講習日の１０日前までに必ず　ご連絡ください。それ以後は材料代の発生する講習会は　実費をいただく場合があります。　＊講習会当日は１５分前から受け付けを開始いたします。　都合により講師が変更になる場合があります。予めご了承　ください。","9999-12-31","","","","","","","","","https://www.pref.osaka.lg.jp/images/87148/oizumiryokuchi.jpg","","","1","1"
"270008","","","","りんくう公園手作りバームクーヘン体験","","","","","","https://rinku.osaka-park.or.jp/","","","","","","2026-11-03","2026-11-03","","","","","2026-09-07","2026-11-03","","みんなで作る特別な体験","","","","1組1本2,000円","りんくう公園管理事務所","072-469-7717","","","","","","","りんくう公園","","","","","","","","","","34.411920","135.293940","","","","","","","","","","","","","","","9999-12-31","","要事前申込　10月3日（土）10時より電話にて受付","9999-12-31","","","","","","","","","https://www.pref.osaka.lg.jp/images/87148/rinkukoen.jpg","","","1","1"
"270008","","","","香りを楽しむボタニカルアロマサシェ作り","","","","","","https://oizumi.osaka-park.or.jp/","","","","","","2026-11-03","2026-11-03","","","","","2026-09-07","2026-11-03","","アロマセラピーの精油について、香りの特徴や安全な楽しみ方をご紹介します。精油を実際に香り比べながら、お気に入りの香りを見つけ、自分だけのオリジナルボタニカルアロマサシェを2個制作します。完成した作品は、お部屋や玄関などに飾って香りをお楽しみいただけます。初めての方も安心してご参加いただける内容です。","","","","1500円","花と緑の相談所","072-251-0871","","","","","","","大泉緑地","","","","","","","","","","34.566020","135.524190","","","","","","","","","","","","","","","9999-12-31","","＊開催日の１ヶ月前から花と緑の相談所 窓口または、電話にて　受け付けます。（先着順、午前１０時から午後５時まで。）　＊定員になり次第、受付終了。受付開始日が火曜日(休館日)の　場合は翌日(水曜日)から受け付けます。　＊キャンセルされる場合は、講習日の１０日前までに必ず　ご連絡ください。それ以後は材料代の発生する講習会は　実費をいただく場合があります。　＊講習会当日は１５分前から受け付けを開始いたします。　都合により講師が変更になる場合があります。予めご了承　ください。","9999-12-31","","","","","","","","","https://www.pref.osaka.lg.jp/images/87148/oizumiryokuchi.jpg","","","1","1"
"270008","","","","畑のクイズラリー","","","","","","https://nishikori.osaka-park.or.jp","","","","","","2026-11-03","2026-11-03","","","","","2026-09-07","2026-11-03","","河内の里の畑で畑のクイズラリーをします。（ワタのお土産）","","","","無料","錦織公園管理事務所","0721-24-1506","","","","","","","錦織公園","","","","","","","","","","34.483470","135.572720","","","","","","","","","","","","","","","9999-12-31","","不要","9999-12-31","","","","","","","","","https://www.pref.osaka.lg.jp/images/87148/nishikorikoen.jpg","","","1","1"
"270008","","","","服部緑地ふれあい祭り","","","","","","https://hattori-ryokuchi.com/xo_event/fureai2025/","","","","","","2026-11-03","2026-11-03","","","","","2026-09-07","2026-11-03","","ボランティア団体による自然工作やゲーム、エア遊具、キッチンカーなどが出店予定です。 ご家族お揃いでお越しください。","","","","参加費無料。物販・一部のワークショップは有料。","服部緑地管理事務所","06-6862-4945","","","","","","","服部緑地","","","","","","","","","","34.772410","135.482160","","","","","","","","","","","","","","","9999-12-31","","事前申込不要","9999-12-31","","","","","","","","","https://www.pref.osaka.lg.jp/images/87148/hattoriryokuchi.jpg","","","1","1"
"270008","","","","第17回　寝屋川公園フェスティバル","","","","","","http://neyagawa.osaka-park.or.jp","","","","","","2026-11-03","2026-11-03","","","","","2026-09-07","2026-11-03","","地域やボランティア団体さんによる体験型イベント","","","","ブースによってはあり","寝屋川公園管理事務所","072-824-8800","","","","","","","寝屋川公園","","","","","","","","","","34.760390","135.652220","","","","","","","","","","","","","","","9999-12-31","","事前予約が必要なものもあり　管理事務所にて受け付け","9999-12-31","","","","","","","","","https://www.pref.osaka.lg.jp/images/87148/neyagawakoen2.jpg","","","1","1"
"270008","","","","m？li　m？lo　osaka（メリメロオーサカ）","","","","","","https://www.melimelo-osaka.com/","","","","","","2026-11-07","2026-11-07","","","","","2026-09-07","2026-11-07","","音楽×マルシェでお届けする関西ローカルのカルチャー博。音楽・ハンドメイド雑貨・ファッション・アート・ヘア・グルメ…カルチャーの垣根を超え、「すき」を増やせる、「だいすき」へと育てられる空間を目指します。","","","","東中央広場・円形花壇は入場無料。野外音楽堂は有料","GREENS","06-6882-1224","","","","","","","服部緑地","","","","","","","","","","34.772410","135.482160","","","","","","","","","","","","","","","9999-12-31","","東中央広場・円形花壇は事前申込不要。","9999-12-31","","","","","","","","","https://www.pref.osaka.lg.jp/images/87148/hattoriryokuchi.jpg","","","1","1"
"270008","","","","水引結び体験","","","","","","https://oizumi.osaka-park.or.jp/","","","","","","2026-11-08","2026-11-08","","","","","2026-09-07","2026-11-08","","日本の伝統工芸品である「水引結び」を使って可愛い福袋を作ります。","","","","1300円","花と緑の相談所","072-251-0871","","","","","","","大泉緑地","","","","","","","","","","34.566020","135.524190","","","","","","","","","","","","","","","9999-12-31","","＊開催日の１ヶ月前から花と緑の相談所 窓口または、電話にて　受け付けます。（先着順、午前１０時から午後５時まで。）　＊定員になり次第、受付終了。受付開始日が火曜日(休館日)の　場合は翌日(水曜日)から受け付けます。　＊キャンセルされる場合は、講習日の１０日前までに必ず　ご連絡ください。それ以後は材料代の発生する講習会は　実費をいただく場合があります。　＊講習会当日は１５分前から受け付けを開始いたします。　都合により講師が変更になる場合があります。予めご了承　ください。","9999-12-31","","","","","","","","","https://www.pref.osaka.lg.jp/images/87148/oizumiryokuchi.jpg","","","1","1"
"270008","","","","m？li　m？lo　osaka（メリメロオーサカ）","","","","","","https://www.melimelo-osaka.com/","","","","","","2026-11-08","2026-11-08","","","","","2026-09-07","2026-11-08","","音楽×マルシェでお届けする関西ローカルのカルチャー博。音楽・ハンドメイド雑貨・ファッション・アート・ヘア・グルメ…カルチャーの垣根を超え、「すき」を増やせる、「だいすき」へと育てられる空間を目指します。","","","","東中央広場・円形花壇は入場無料。野外音楽堂は有料。","GREENS","06-6882-1224","","","","","","","服部緑地","","","","","","","","","","34.772410","135.482160","","","","","","","","","","","","","","","9999-12-31","","東中央広場・円形花壇は事前申込不要。","9999-12-31","","","","","","","","","https://www.pref.osaka.lg.jp/images/87148/hattoriryokuchi.jpg","","","1","1"
"270008","","","","ミニ植木鉢人形つくり","","","","","","https://www.toshi-kouen.jp/staticpages/index.php/sumiyoshi_top","","","","","","2026-11-10","2026-11-10","","","","","2026-09-07","2026-11-10","","ミニの植木鉢で作る人形で手足はムクロジの種です。","","","","300円","住吉公園管理事務","06-6671-2292","","","","","","","住吉公園","","","","","","","","","","34.613750","135.487640","","","","","","","","","","","","","","","9999-12-31","","先着順（申込要）","9999-12-31","","","","","","","","","https://www.pref.osaka.lg.jp/images/87148/sumiyoshikoen.jpg","","","1","1"
"270008","","","","パークゴルフ場月例コンペ11月度大会","","","","","","https://www.toshi-kouen.jp/staticpages/index.php/ishikawa_facilities01","","","","","","2026-11-10","2026-11-10","","","","","2026-09-07","2026-11-10","","石川河川公園パークゴルフ場では月例コンペを開催しています。上位入賞者には景品もありますので皆様ふるってご参加ください。","","","","500円/人 (※コース利用料金2R分は別途必要)","石川河川公園管理事務所","072-956-1900","","","","","","","石川河川公園","","","","","","","","","","34.545600","135.621310","","","","","","","","","","","","","","","9999-12-31","","パークゴルフ場受付にて当日申込","9999-12-31","","","","","","","","","https://www.pref.osaka.lg.jp/images/87148/ishikawakasenkoen.jpg","","","1","1"
"270008","","","","大阪ピンコロクラブ","","","","","","https://kyuhoji-ryokuchi.jp/","","","","","","2026-11-14","2026-11-14","","","","","2026-09-07","2026-11-14","","『うんどう教室』 介護に頼らない、自立した生活を送るためのお手伝いとして、生活にかかわりの深いうんどうプログラムをトレーナーが教えてくれます。","","","","なし","久宝寺緑地管理事務所","072-992-2489","","","","","","","久宝寺緑地","","","","","","","","","","34.631410","135.578800","","","","","","","","","","","","","","","9999-12-31","","不要　当日、現地にてご参加ください","9999-12-31","","","","","","","","","https://www.pref.osaka.lg.jp/images/87148/kyuhojiryokuchi.jpg","","","1","1"
"270008","","","","延命寺　落語と珈琲","","","","","","https://www.toshi-kouen.jp/staticpages/index.php/nagano_top","","","","","","2026-11-14","2026-11-14","","","","","2026-09-07","2026-11-14","","紅葉が美しい薬樹山 延命寺で季節限定自家焙煎珈琲を味わっていただいた後に、笑福亭遊喬師匠の落語を楽しんでいただきます。","","","","1000円","長野公園管理事務所","0721-62-2772","","","","","","","長野公園","","","","","","","","","","34.448070","135.574490","","","","","","","","","","","","","","","9999-12-31","","長野公園管理事務所までお電話でお申し込みください。","9999-12-31","","","","","","","","","https://www.pref.osaka.lg.jp/images/87148/nagano.jpg","","","1","1"
"270008","","","","ツリークライミング","","","","","","https://tonboike-osakap.com/","","","","","","2026-11-15","2026-11-15","","","","","2026-09-07","2026-11-15","","園内のクスノキを用いて木登り体験をしよう","","","","1500円","蜻蛉池公園管理事務所","072-443-9671","","","","","","","蜻蛉池公園","","","","","","","","","","34.433100","135.424030","","","","","","","","","","","","","","","9999-12-31","","蜻蛉池公園HP（こくちーず）","9999-12-31","","","","","","","","","https://www.pref.osaka.lg.jp/images/87148/tomboikekoen2.jpg","","","1","1"
"270008","","","","園芸の日","","","","","","https://fukakitaryokuchi.jp","","","","","","2026-11-15","2026-11-15","","","","","2026-09-07","2026-11-15","","水辺のテラスにアジサイ園を皆さんで造るための整備","","","","無料","深北緑地管理事務所","072-877-7471","","","","","","","深北緑地","","","","","","","","","","34.727350","135.628750","","","","","","","","","","","","","","","9999-12-31","","否","9999-12-31","","","","","","","","","https://www.pref.osaka.lg.jp/images/87148/fukakitaryokuchi2.jpg","","","1","1"
"270008","","","","みどり塾","","","","","","https://kyuhoji-ryokuchi.jp/","","","","","","2026-11-15","2026-11-15","","","","","2026-09-07","2026-11-15","","『春を待つ寄せ植え』季節の植物の寄せ植えをたのしもう","","","","3，000円","久宝寺緑地管理事務所","072-992-2489","","","","","","","久宝寺緑地","","","","","","","","","","34.631410","135.578800","","","","","","","","","","","","","","","9999-12-31","","開催日の１か月前より久宝寺緑地管理事務所窓口またはお電話にて受付","9999-12-31","","","","","","","","","https://www.pref.osaka.lg.jp/images/87148/kyuhojiryokuchi.jpg","","","1","1"
"270008","","","","石川自然クラブ","","","","","","https://www.toshi-kouen.jp/staticpages/index.php/ishikawa_top","","","","","","2026-11-19","2026-11-19","","","","","2026-09-07","2026-11-19","","あまり知られていませんが、石川の河川敷には多くの絶滅危惧種が生息しています。 日本で一番小さなカヤネズミや、可憐な花のミゾコウジュは準絶滅危惧種、オオタカ・オオヨシキリ・セッカなど石川で見られる多くの野鳥も、大阪府レッドデータブックの指定種になっています。そんな生きものたちの生息地を守るため、石川河川公園では、生きものの観察記録、河川敷の草地保全や外来種除去などさまざまな取り組みを行っています。 ぜひ、石川の希少種を守る仲間になってください。","","","","無料","石川河川公園管理事務所","072-956-1900","","","","","","","石川河川公園","","","","","","","","","","34.545600","135.621310","","","","","","","","","","","","","","","9999-12-31","","不要","9999-12-31","","","","","","","","","https://www.pref.osaka.lg.jp/images/87148/ishikawakasenkoen.jpg","","","1","1"
"270008","","","","寝屋川公園・自然の会　KidsClub4　木の実工作","","","","","","http://neyagawa.osaka-park.or.jp","","","","","","2026-11-21","2026-11-21","","","","","2026-09-07","2026-11-21","","公園内で拾った木の実や落ち葉を使ってオリジナルの作品を作ろう！","","","","無料（駐車場は有料）","寝屋川公園管理事務所","072-824-8800","","","","","","","寝屋川公園","","","","","","","","","","34.760390","135.652220","","","","","","","","","","","","","","","9999-12-31","","事前予約必要　開催の一ヶ月前より公園管理事務所にて予約受付け","9999-12-31","","","","","","","","","https://www.pref.osaka.lg.jp/images/87148/neyagawakoen2.jpg","","","1","1"
"270008","","","","秋の生駒自然観察会","","","","","","https://hiraoka.osaka-park.or.jp/","","","","","","2026-11-22","2026-11-22","","","","","2026-09-07","2026-11-22","","秋の生駒（枚岡公園内）山で秋の野草や紅葉・木の実などを観察しながら散策します。","","","","大人：300円・小人:100円","枚岡公園管理事務所","072-981-2516","","","","","","","枚岡公園","","","","","","","","","","34.674790","135.654910","","","","","","","","","","","","","","","9999-12-31","","令和８年１１月１日（日）午前１０時から電話にて受付開始（先着順・定員になり次第受付終了）","9999-12-31","","","","","","","","","https://www.pref.osaka.lg.jp/images/87148/hiraokakoen2.jpg","","","1","1"
"270008","","","","久宝寺こうえんマルシェ","","","","","","https://kyuhoji-marche.jimdofree.com/","","","","","","2026-11-22","2026-11-22","","","","","2026-09-07","2026-11-22","","久宝寺こうえんマルシェは毎月第4日曜日に開催します。（12月を除く） 旬の味、新鮮さを大事にした地元農産物、人と自然にやさしい加工品、農を生かす料理の出店やワークショップなど。ぜひお気軽に遊びに来てください。","","","","なし（販売品などは有料）","久宝寺緑地管理事務所","072-992-2489","","","","","","","久宝寺緑地","","","","","","","","","","34.631410","135.578800","","","","","","","","","","","","","","","9999-12-31","","不要　　（出店希望の方は久宝寺こうえんマルシェ　出店申込から応募してください）","9999-12-31","","","","","","","","","https://www.pref.osaka.lg.jp/images/87148/kyuhojiryokuchi.jpg","","","1","1"
"270008","","","","公園インフォメーションワークショップ","","","","","","https://kyuhoji-ryokuchi.jp/","","","","","","2026-11-22","2026-11-22","","","","","2026-09-07","2026-11-22","","『どんぐりの標本づくり』いろんな種類のどんぐりをつかって標本をつくってみよう！","","","","1,200円","久宝寺緑地管理事務所","072-992-2489","","","","","","","久宝寺緑地","","","","","","","","","","34.631410","135.578800","","","","","","","","","","","","","","","9999-12-31","","開催日の１か月前より久宝寺緑地管理事務所窓口またはお電話にて受付","9999-12-31","","","","","","","","","https://www.pref.osaka.lg.jp/images/87148/kyuhojiryokuchi.jpg","","","1","1"
"270008","","","","すみおとスプリングフェスタ×あいどる","","","","","","https://www.toshi-kouen.jp/staticpages/index.php/suminoe_events","","","","","","2026-11-22","2026-11-22","","","","","2026-09-07","2026-11-22","","地元ミュ－ジシャンとアイドルのコラボイベント。屋台やキッチンカ－、フワフワ遊具も出ます。","","","","無料。但し物販は有料。","住之江公園管理事務所","06-6685-9521","","","","","","","住之江公園","","","","","","","","","","34.609680","135.474620","","","","","","","","","","","","","","","9999-12-31","","否","9999-12-31","","","","","","","","","https://www.pref.osaka.lg.jp/images/87148/suminoekoen2.jpg","","","1","1"
"270008","","","","秋の生駒自然観察会","","","","","","https://hiraoka.osaka-park.or.jp/","","","","","","2026-11-22","2026-11-22","","","","","2026-09-07","2026-11-22","","秋の生駒山のゆっくり散策し、たくさんの木の実を見つけましょう。","","","","大人：300円・小人:100円","枚岡公園管理事務所","072-981-2516","","","","","","","枚岡公園","","","","","","","","","","34.674790","135.654910","","","","","","","","","","","","","","","9999-12-31","","事前申込：令和8年11月1日（日）10時から電話にて受付開始。定員になり次第受付終了","9999-12-31","","","","","","","","","https://www.pref.osaka.lg.jp/images/87148/hiraokakoen2.jpg","","","1","1"
"270008","","","","りんくう公園リラクゼーションヨガ","","","","","","https://rinku.osaka-park.or.jp/","","","","","","2026-11-23","2026-11-23","","","","","2026-09-07","2026-11-23","","総合休憩所3階で開催","","","","500円","りんくう公園管理事務所","072-469-7717","","","","","","","りんくう公園","","","","","","","","","","34.411920","135.293940","","","","","","","","","","","","","","","9999-12-31","","要事前申込　10月23日（金）10時より電話またはホームページ内受付フォーム","9999-12-31","","","","","","","","","https://www.pref.osaka.lg.jp/images/87148/rinkukoen.jpg","","","1","1"
"270008","","","","すみすみマルシェ","","","","","","https://www.toshi-kouen.jp/staticpages/index.php/sumiyoshi_top","","","","","","2026-11-28","2026-11-28","","","","","2026-09-07","2026-11-28","","大阪中心の有機及びエコ農作物、無添加の販売、アートクラフト作品展示販売","","","","入場無料","住吉公園管理事務","06-6671-2292","","","","","","","住吉公園","","","","","","","","","","34.613750","135.487640","","","","","","","","","","","","","","","9999-12-31","","申込否","9999-12-31","","","","","","","","","https://www.pref.osaka.lg.jp/images/87148/sumiyoshikoen.jpg","","","1","1"
"270008","","","","大阪ピンコロクラブ","","","","","","https://kyuhoji-ryokuchi.jp/","","","","","","2026-11-28","2026-11-28","","","","","2026-09-07","2026-11-28","","『うんどう教室』 介護に頼らない、自立した生活を送るためのお手伝いとして、生活にかかわりの深いうんどうプログラムをトレーナーが教えてくれます。","","","","なし","久宝寺緑地管理事務所","072-992-2489","","","","","","","久宝寺緑地","","","","","","","","","","34.631410","135.578800","","","","","","","","","","","","","","","9999-12-31","","不要　当日、現地にてご参加ください","9999-12-31","","","","","","","","","https://www.pref.osaka.lg.jp/images/87148/kyuhojiryokuchi.jpg","","","1","1"
"270008","","","","クリスマスリースづくり","","","","","","https://www.toshi-kouen.jp/staticpages/index.php/nagano_top","","","","","","2026-11-28","2026-11-28","","","","","2026-09-07","2026-11-28","","寒い時期、こころ温まるクリスマスリース。我が家のオリジナルリースを作りましょう。","","","","500円","長野公園管理事務所","0721-62-2772","","","","","","","長野公園","","","","","","","","","","34.448070","135.574490","","","","","","","","","","","","","","","9999-12-31","","長野公園管理事務所までお電話でお申し込みください。","9999-12-31","","","","","","","","","https://www.pref.osaka.lg.jp/images/87148/nagano.jpg","","","1","1"
"270008","","","","レッツ久宝探検隊","","","","","","https://kyuhoji-ryokuchi.jp/","","","","","","2026-11-29","2026-11-29","","","","","2026-09-07","2026-11-29","","『丸太切り体験』ノコギリの正しい使い方を学び切った材料でクラフトを楽しもう！","","","","なし","久宝寺緑地管理事務所","072-992-2489","","","","","","","久宝寺緑地","","","","","","","","","","34.631410","135.578800","","","","","","","","","","","","","","","9999-12-31","","開催日の１か月前より久宝寺緑地管理事務所窓口またはお電話にて受付","9999-12-31","","","","","","","","","https://www.pref.osaka.lg.jp/images/87148/kyuhojiryokuchi.jpg","","","1","1"
"270008","","","","クリスマスのウォールパネル","","","","","","https://oizumi.osaka-park.or.jp/","","","","","","2026-11-29","2026-11-29","","","","","2026-09-07","2026-11-29","","プリザーブドフラワーやドライ、木の実などを使って板にクリスマスの装飾をします。","","","","2500円","花と緑の相談所","072-251-0871","","","","","","","大泉緑地","","","","","","","","","","34.566020","135.524190","","","","","","","","","","","","","","","9999-12-31","","＊開催日の１ヶ月前から花と緑の相談所 窓口または、電話にて　受け付けます。（先着順、午前１０時から午後５時まで。）　＊定員になり次第、受付終了。受付開始日が火曜日(休館日)の　場合は翌日(水曜日)から受け付けます。　＊キャンセルされる場合は、講習日の１０日前までに必ず　ご連絡ください。それ以後は材料代の発生する講習会は　実費をいただく場合があります。　＊講習会当日は１５分前から受け付けを開始いたします。　都合により講師が変更になる場合があります。予めご了承　ください。","9999-12-31","","","","","","","","","https://www.pref.osaka.lg.jp/images/87148/oizumiryokuchi.jpg","","","1","1"
"270008","","","","季節の寄せ植えづくり","","","","","","https://nishikori.osaka-park.or.jp","","","","","","2026-11-29","2026-11-29","","","","","2026-09-07","2026-11-29","","季節に合わせたフラワーポットを作ります。","","","","1,200円","錦織公園管理事務所","0721-24-1506","","","","","","","錦織公園","","","","","","","","","","34.483470","135.572720","","","","","","","","","","","","","","","9999-12-31","","要事前申込。10月29日（木曜日）９時から錦織公園管理事務所に電話又は来所にて受付開始","9999-12-31","","","","","","","","","https://www.pref.osaka.lg.jp/images/87148/nishikorikoen.jpg","","","1","1"
